{
  "TransE": {
    "MR": 1015.4023323615161,
    "MRR": 0.3069325523767467,
    "Hits@1": 0.22157434402332363,
    "Hits@3": 0.3301749271137026,
    "Hits@10": 0.49927113702623904,
    "Hits@50": 0.6698250728862973,
    "ROC-AUC": 0.7034300652789228,
    "FPR": null,
    "TPR": null
  },
  "TransH": {
    "MR": 698.0342565597667,
    "MRR": 0.28806632603762095,
    "Hits@1": 0.2164723032069971,
    "Hits@3": 0.29518950437317787,
    "Hits@10": 0.4467930029154519,
    "Hits@50": 0.6632653061224489,
    "ROC-AUC": 0.7751832251017858,
    "FPR": null,
    "TPR": null
  },
  "RotatE": {
    "MR": 1964.9139941690962,
    "MRR": 0.08145888275661145,
    "Hits@1": 0.0,
    "Hits@3": 0.09329446064139942,
    "Hits@10": 0.27040816326530615,
    "Hits@50": 0.5036443148688047,
    "ROC-AUC": 0.5928947016124234,
    "FPR": null,
    "TPR": null
  },
  "ComplEx": {
    "MR": 3495.8403790087464,
    "MRR": 0.12703714491946555,
    "Hits@1": 0.0619533527696793,
    "Hits@3": 0.1552478134110787,
    "Hits@10": 0.2565597667638484,
    "Hits@50": 0.3717201166180758,
    "ROC-AUC": 0.4696525788574489,
    "FPR": null,
    "TPR": null
  },
  "CompoundE": {
    "MR": 1416.4715743440233,
    "MRR": 0.3079617857500423,
    "Hits@1": 0.21137026239067055,
    "Hits@3": 0.3432944606413994,
    "Hits@10": 0.49927113702623904,
    "Hits@50": 0.6690962099125365,
    "ROC-AUC": 0.70607086545572,
    "FPR": null,
    "TPR": null
  }
}