{
  "train_loss": [
    1.3862934500672097,
    1.3822624073472134,
    1.34216346851615,
    1.2063091951747273,
    1.066920008077178,
    0.9859416782855988,
    0.9359648678191873,
    0.9062154473260392,
    0.8892472691314165,
    0.860402278428854,
    0.8392517289450002,
    0.8236472079920214,
    0.813139699226202,
    0.7954453264558038,
    0.7883924973565478,
    0.7790672578090845,
    0.7611306247323059,
    0.7564237977183143,
    0.7375255435012108,
    0.7229298214579738,
    0.7091233952100887,
    0.6898920452871988,
    0.6683501809142357,
    0.6477924980396448,
    0.6294618380624194,
    0.6118605185386746,
    0.5809039113133453,
    0.547543938423312,
    0.5380066414905149,
    0.5056759531414786,
    0.47606649856234706,
    0.45493691570537037,
    0.42003964788691944,
    0.40023373275302176,
    0.37888407499291177,
    0.35569147315136224,
    0.3278324564182481,
    0.3138246054566184,
    0.2883739519950955,
    0.28488663410724596,
    0.2649940526069597,
    0.24943590406761612,
    0.23100159923697627,
    0.2276319010659706,
    0.21625721099418263,
    0.20014295908947324,
    0.2009896320659061,
    0.19239646265673083,
    0.19332554754476214,
    0.18600234406632046,
    0.1845768478720687,
    0.17184165371365326,
    0.16824629348377848,
    0.15678530584934147,
    0.1655980979287347,
    0.15497445704978566,
    0.15847304827252098,
    0.14728191278355066,
    0.15541293342099632,
    0.1506609432399273,
    0.14210796659422475,
    0.13786451635492403,
    0.149928170234658,
    0.14136794070864833,
    0.14175569785888806,
    0.1382417541950248,
    0.14370335681840432,
    0.13834257857051008,
    0.13820944353938103,
    0.13073678236714628,
    0.13963767920815667,
    0.12952622537349545,
    0.13416748983395654,
    0.1329261398939199,
    0.13807272937062176
  ],
  "valid_mrr": [
    0.003030471578706807,
    0.07785310518659029,
    0.0845053252735118,
    0.11268052063978981,
    0.13811162893678186,
    0.1413729208861166,
    0.12076363360247525,
    0.08291308295885169,
    0.06926601119343954,
    0.053794810637862935,
    0.049698348186620646,
    0.05220329199667563,
    0.04473199103665344,
    0.053145965183326434,
    0.0397983135866816,
    0.046059963048315056
  ],
  "best_epoch": 25
}