{
  "train_loss": [
    0.8768075517443723,
    0.6360475233820981,
    0.49688464611075644,
    0.4043426167133243,
    0.33664162976797235,
    0.27827316609232927,
    0.22624315650657165,
    0.19703277278431627,
    0.16989787434076153,
    0.1570471382245075,
    0.13829546430429748,
    0.11792715660534626,
    0.12137102353018384,
    0.10284488245325032,
    0.09842796480759632,
    0.0947584725569847,
    0.09188254861984142,
    0.08544700612249069,
    0.08012731293173031,
    0.08436799049377441,
    0.08141248499931292,
    0.07218177718391945,
    0.07024372085322474,
    0.07697593302704221,
    0.07020395532856848,
    0.07326922383765842,
    0.06828852226351236,
    0.06621022838665995,
    0.06933236665763827,
    0.065947424035606,
    0.05644002788548553,
    0.06698640490080728,
    0.06044287633064181,
    0.05531423263858224,
    0.05038656766504743,
    0.0529857708119549,
    0.05011114783498437,
    0.05201380208221286,
    0.0566337155069896,
    0.053412027245517385,
    0.05075596628147502,
    0.0494001183095713,
    0.04929445911372124,
    0.048415408161100605,
    0.04932326011273057,
    0.051777338067632774,
    0.04922947176017387,
    0.049756650520531936,
    0.04633916966443838,
    0.046262988062618776
  ],
  "valid_mrr": [
    0.2848550833477061,
    0.19361808419615867,
    0.1894547227788533,
    0.16937570129230886,
    0.17674690458932502,
    0.16259969122675086,
    0.13320864100539115,
    0.15209137866435674,
    0.16008606479177567,
    0.15494314523803776,
    0.1272996368843289
  ],
  "best_epoch": 1
}