{
  "train_loss": [
    0.9809008261492086,
    0.9316339430420898,
    0.8760876232801482,
    0.8120643822259681,
    0.7457169342872708,
    0.6723645377990811,
    0.6001504735891209,
    0.5228151807258296,
    0.4530656621899716,
    0.39215122267257335,
    0.3452775613513104,
    0.2982727398359498,
    0.26725067163622657,
    0.24006713580253514,
    0.21851505269837934,
    0.20130369119172872,
    0.19024511617283488,
    0.17604166000734928,
    0.1703268405656482,
    0.15500374008403267,
    0.1464648136739121,
    0.14721399467698362,
    0.13225121241669321,
    0.1307689719941727,
    0.12642854608075563,
    0.11740988514624363,
    0.1199799770879191,
    0.11240702538296234,
    0.10888362355356992,
    0.1059232247603494,
    0.10301074208041956,
    0.10211864954163861,
    0.10090785629527513,
    0.09867421325382798,
    0.09609063926997573,
    0.09653227880250576,
    0.09390030324805615,
    0.09696772482332795,
    0.08991710759352806,
    0.09463669169087742,
    0.08864959112780038,
    0.09117005990688191,
    0.08793363217697588,
    0.08862540303447912,
    0.08577378436403219,
    0.0826461693315312,
    0.08692227239005787,
    0.08110265888620255,
    0.08258666184752486,
    0.08135440109600854
  ],
  "valid_mrr": [
    0.07454977752034421,
    0.011646096152402766,
    0.007405721839467088,
    0.006749726452257523,
    0.008333975965905356,
    0.0064584553329178375,
    0.009710089490667283,
    0.008664595940360037,
    0.006483963393690631,
    0.007906509798416686,
    0.00848164714432465
  ],
  "best_epoch": 1
}