{
  "train_loss": [
    0.9092876356701518,
    0.70904573451641,
    0.6285137520279995,
    0.5912860652735067,
    0.5535066387681074,
    0.5124715324058089,
    0.4822373379801595,
    0.44804764487022575,
    0.4164966008690901,
    0.39995863479237226,
    0.3669338995634123,
    0.3389935247426809,
    0.3240165433218313,
    0.2984464118300482,
    0.2782855018280273,
    0.26246176989272585,
    0.24067487827567166,
    0.22700335275988245,
    0.20454368393781575,
    0.18541762076838073,
    0.1737849011497442,
    0.16199000257738802,
    0.14992431577208432,
    0.14397102187192717,
    0.12337705761540768,
    0.12112218514084816,
    0.11131778835903766,
    0.10715216549849788,
    0.09666843188190183,
    0.09620631165629209,
    0.09103390496484069,
    0.08892464486145696,
    0.08491511352706788,
    0.08201614377457042,
    0.07961006137694038,
    0.07572394509821437,
    0.07916748430579901,
    0.07112568954742232,
    0.06850696441739104,
    0.06859560009785169,
    0.06625454929159132,
    0.06347188021078012,
    0.06296753437193327,
    0.06335980711548134,
    0.060407641170503096,
    0.06003534321694873,
    0.059655050833731196,
    0.0571959528119065,
    0.05495519730327434,
    0.05524069462837868,
    0.057400131641432296,
    0.05500585841404837,
    0.05342633667033772,
    0.05332766267535991,
    0.053140088309382286,
    0.053688119988628595,
    0.051961812039100844,
    0.05315538796834474,
    0.053767990602483585,
    0.05359847892920465,
    0.05441559309702973,
    0.0515193548703263,
    0.048178224775636956,
    0.05042721703648567,
    0.04877821924598064
  ],
  "valid_mrr": [
    0.31129909478677054,
    0.3104490216409105,
    0.30717082901013915,
    0.31438922906724104,
    0.283608152730012,
    0.28485156104090653,
    0.25872208564067467,
    0.2808688474020087,
    0.26847543070601726,
    0.2868154903792535,
    0.2596019290746439,
    0.2510245701069625,
    0.24919419731433134,
    0.2710074841286509
  ],
  "best_epoch": 15
}