{
  "train_loss": [
    0.9296164595803549,
    0.7933701165886813,
    0.7129641542601031,
    0.6589888951113058,
    0.611173459263735,
    0.5887525802434876,
    0.556871086359024,
    0.5371187072853709,
    0.5147512395714604,
    0.4852066442023876,
    0.47316540743029395,
    0.4497988393833471,
    0.4277942416279815,
    0.4118604653103407,
    0.40212254815323406,
    0.385959030930386,
    0.3628274701362432,
    0.3502392325290414,
    0.3364406411730966,
    0.3313157291606415,
    0.3137391481635182,
    0.322040242164634,
    0.29656513468470685,
    0.29408921873153643,
    0.2836494152975637,
    0.27019256249416707,
    0.2619089132478071,
    0.25796248867761257,
    0.2434182480670685,
    0.24384037266637004,
    0.2342176868818527,
    0.2216719291930975,
    0.22317950860705488,
    0.2120905054170032,
    0.206533741639104,
    0.19944742391275805,
    0.1983796779152959,
    0.19806831832541977,
    0.1937157242277334,
    0.18944099684094273,
    0.18274875695622245,
    0.18508902001519537,
    0.1794491846894109,
    0.17646360795858296,
    0.17281747063578562,
    0.17281785832588062,
    0.17406906204861264,
    0.1652007925129214,
    0.17337524821591932,
    0.1714088142264721,
    0.16531073631242263,
    0.16452845333274022,
    0.16059435306246891,
    0.16016565895704335,
    0.15708207919500594
  ],
  "valid_mrr": [
    0.2746874264547008,
    0.3256139206210357,
    0.32503636081264803,
    0.3059024161108207,
    0.3190101144886952,
    0.2900748848301909,
    0.23256670597470344,
    0.1795678831286224,
    0.18503168121217106,
    0.17426192830208714,
    0.19989517869519272,
    0.21956525713328334
  ],
  "best_epoch": 5
}